Number_of_Customers,Menu_Price,Marketing_Spend,Cuisine_Type,Average_Customer_Spending,Promotions,Reviews,Monthly_Revenue
61,43.11763548709968,12.66379252026928,Japanese,36.23613252393598,0,45,350.9120399867156
24,40.02007699061254,4.577892096932272,Italian,17.95256243749612,0,36,221.3190913292622
81,41.98148523678063,4.65291077125362,Japanese,22.600420287336984,1,91,326.52976287588587
70,43.00530706771189,4.416052595712783,Italian,18.984097602995394,1,59,348.19057312560795
30,17.456199471525764,3.47505191324589,Italian,12.766142708740048,1,30,185.0091205967936
92,19.42766984259999,13.114473451233126,American,43.09994966542693,1,10,399.8675067311068
96,35.35034254880709,16.96031770498803,American,20.181621716866445,0,86,496.6536867303593
84,46.31464521850064,14.486349393533224,Italian,28.921100133720827,1,1,417.1586067140847
84,22.647863291859785,15.841872675210864,American,11.732610930172475,0,26,352.148065230514
97,33.53226703180226,8.095968581703996,Italian,37.97357865010572,0,98,272.7935167604014
33,37.31928253668529,13.081515907439965,Mexican,23.22244009225163,0,1,318.7732089145467
12,28.07794405196157,7.084724808895491,American,39.7894691131684,0,20,189.2388688837744
31,38.55129819421304,10.5100924393728,American,26.496122418714645,0,57,218.4735501031867
62,45.98669781168692,9.632696930697248,American,17.830224256224984,0,4,308.9711493681178
11,34.964061767273506,3.537742902877088,Mexican,30.527003291281435,0,51,117.15332925629588
97,31.59124247658532,7.741575206712616,Italian,15.22018238549759,1,44,292.7543309473953
39,27.54978701553356,19.27644550964702,Japanese,27.62156639491979,0,84,252.58466160696725
47,33.099450836245026,4.9716051542988415,American,22.69221909681946,1,92,182.91904081048472
11,24.21449807273584,2.6760747255897743,Italian,46.47838336798533,1,19,60.37322070984645
73,25.65928440806008,8.371612432478706,Mexican,12.437148868828798,0,60,301.1840968112608
69,31.27429918752696,15.806754717202962,Japanese,37.76069656422968,0,37,294.33559700046425
30,12.664764495632678,11.642964595599445,American,17.310046639497436,1,19,276.49212856798465
42,19.161015636991856,13.61949654476489,Mexican,22.761802973289598,1,24,308.19802795312177
85,31.71397242453636,3.793896963493544,Mexican,26.62056252248264,1,1,267.49494823253434
67,27.261125725457703,12.37896386015443,Japanese,46.32060357499897,1,31,368.3336437007988
31,23.312631436499373,6.470007898229476,Italian,19.70313064295301,0,25,165.88416121416384
98,39.22196547237206,16.68606731909535,American,13.652352101786809,0,69,494.2657908365194
58,37.74870429613354,12.585976120214724,American,22.747584159620946,0,40,273.3665072232529
68,16.669230399735326,3.977125555505918,Italian,14.187038821421334,1,66,345.2649163026754
51,45.14516461493753,1.292333596881723,Italian,15.1438594384221,0,96,255.77519100040675
69,29.816945056158627,0.8526641857406547,Italian,32.95402391900107,1,0,203.959352175436
89,39.65843644556182,7.428171353002815,Japanese,12.436077323979733,0,50,442.8549584894769
24,32.92603397029555,5.31702273308627,Japanese,11.23723525574264,1,4,178.30334933227698
71,49.90770463695373,12.92180246925016,American,38.57656405881991,0,12,485.2402705928059
71,40.0961248015529,9.986676699572364,Japanese,24.46588379364178,0,18,262.1708566625489
56,38.279218449738366,5.320385560107614,Mexican,15.015013969354932,1,11,343.6727362468488
71,41.14287756203005,2.9847555590035224,American,20.144510834388328,1,47,309.35909561664124
60,15.725119421938786,2.543995253748992,Japanese,35.683460294095966,1,24,268.8777339159621
64,18.18178372677853,17.293207842808354,Italian,21.02146268563405,1,56,249.75718102091756
73,38.56256328894457,4.869559368097345,Mexican,29.78084500481632,1,34,304.38461291435146
12,29.759259485234505,13.034212958219369,Italian,14.867812269066892,0,75,116.79045260804511
60,40.18541167440466,16.213718559725326,American,33.52374550421788,1,93,305.965599174819
16,14.1166412297658,12.281626223694722,Italian,22.643107353730564,0,4,138.20320578294658
30,31.459254059383788,17.191304632938916,Japanese,35.07873738114866,0,97,277.28291959528497
82,25.15286262227663,7.84787443056949,Japanese,42.33579529216092,0,21,415.4999786552699
48,28.28000877126713,19.124443812978967,American,34.4658567755997,0,76,324.8181694481016
27,34.1583148829005,2.6629000835619387,Italian,21.829902503800827,0,56,218.40982645553729
13,30.091533898501204,2.042990593150762,American,20.22974806193201,1,46,142.27400386801267
98,31.59442548451347,13.173842924148872,Italian,23.09683834933792,1,53,362.5184821950058
69,29.454299279824312,18.856622828265238,Mexican,16.584820529460195,0,2,433.9088068641241
23,26.358207083419728,16.17766923272656,Japanese,17.246874034000804,0,52,220.8440633736949
18,40.8752792239298,1.5283371887610286,American,41.62764407600672,1,83,155.95209505440224
99,10.48812289272178,5.587354278694328,Mexican,25.3893030602978,1,30,433.17728782095
62,33.93770804820908,18.606377696756475,Mexican,27.439807222823436,0,68,345.17180441196024
11,32.62033389291895,5.061168656015691,American,33.761978622672444,1,87,-28.977808785917876
93,38.64716298931809,15.623408475738383,American,33.58613980606191,1,32,387.0318043611717
69,33.961174591093055,16.502643918574076,Mexican,12.695074860877028,1,71,424.50348022930746
80,43.07195311236313,9.909042069219636,Italian,43.261631453506624,0,87,385.93864537720646
53,48.36299178256111,7.72697819696631,Mexican,17.093062128957577,1,49,291.8133288395438
17,23.700970287141736,9.002488648395193,American,38.92286544198676,0,83,136.68559397072073
56,19.09403932119948,4.539293887307283,Mexican,40.90683952512666,0,15,239.02774386530567
44,26.94387449681932,17.787818322576886,Italian,38.59598136365255,0,75,328.27559632639725
87,21.517184659029045,9.012393134595158,Japanese,33.15910586216581,0,76,313.5640785512917
90,34.59801052610618,17.649188809121995,Japanese,10.584359884355315,0,38,459.3053087019797
45,46.474096353718586,2.113869598125482,Mexican,24.415019694526823,1,88,312.9120107397732
59,15.564647765722476,19.765505420002626,Italian,34.19357717450325,0,45,325.1018810547656
13,14.03178412063546,8.865461748872365,Japanese,25.498051836901546,0,95,76.65350206166231
11,20.240621274146488,0.9566164078821092,Mexican,44.53919579651252,0,87,163.80732931127793
15,39.043823442496034,0.7604369647490983,Mexican,22.35209101398461,1,46,113.21078859943978
63,33.71851621035286,14.924145149636772,Italian,21.74139169834642,1,43,242.10514526117112
13,14.088506569007984,13.180710684073617,American,20.63990772370632,1,8,112.00153023191451
63,46.75002089042986,16.04261116255175,Mexican,23.31123475843182,1,86,326.2939592138757
72,41.60338548496347,2.107350679056119,American,32.29619857256749,1,49,330.2542096164665
27,10.9209041915055,0.711417340710967,American,38.28061177090363,1,76,178.5729589841844
99,36.05468843952984,10.17158578895157,Japanese,36.50271670955141,1,59,363.2381374609206
53,40.84986674078952,7.751904629655391,American,42.30871279925918,0,95,326.9734098688252
43,24.97741478881688,9.238938733419117,Italian,45.436559819897,0,14,233.32476894372397
83,12.756861574688752,19.83176817740548,Japanese,42.64316169373405,1,35,367.6532908923892
71,13.09284261955149,19.414999153413405,Japanese,10.757816134974185,0,62,262.5682778428965
23,14.16987864207238,18.846307793463858,Japanese,39.43671814207955,0,68,140.84625410048403
57,43.61758527921692,15.676853535353477,Mexican,18.335982944733264,1,85,308.7083789745588
24,46.42744793022853,7.096827205137808,Mexican,15.317121708319306,0,79,250.17651834671145
81,14.912431273829352,8.242618605255432,American,35.53955139196542,0,40,308.4835922258233
87,19.43624138380325,10.992320874378487,Japanese,22.7897278163078,1,73,251.20934481009704
96,16.62082041469159,16.610689128096798,Japanese,12.28468653481773,0,23,563.3813323600473
71,17.452835179764826,1.3742566503653553,Italian,15.505189375934451,1,81,221.38992686965557
49,43.49963156009969,8.485937717697762,American,10.037176674798442,1,48,354.05116946058604
94,23.28585650619756,1.6523532691853735,Italian,46.12894509378829,0,17,327.1516583511172
89,22.457770561825647,10.293151731470232,American,10.984719353649544,0,6,334.9565374455772
91,19.095824835084507,17.978016480124708,American,18.37823078038044,0,3,391.80350089260094
62,34.315775751770346,15.64969849127876,Mexican,26.650511227516294,1,89,380.1445806985004
33,25.172227935421954,4.556848350862199,Mexican,24.26285303803276,1,68,41.59068666457466
35,39.76998607373155,19.519816991975848,Italian,46.46903507651103,1,59,199.9911441530124
98,18.2231923350255,13.347007960928568,American,11.611557829381685,0,54,432.7392218358725
69,41.51159554857969,0.2085539879480613,Japanese,30.48858830708206,0,15,279.7553193574043
50,34.14886126920556,5.10826969370439,Mexican,37.21917850097496,1,98,325.88726488947987
38,14.57069200222751,5.21426599839833,Japanese,47.26791894724676,0,89,98.06199095972109
24,26.580183368145107,1.3850861257171987,Italian,34.814850084948844,0,81,128.44033631082158
54,44.54072562451828,19.19653036151858,Mexican,42.150209440470505,1,28,371.94379248765546
74,46.9184092719394,9.565105891518474,Mexican,13.348997513813936,1,22,307.7723269337906
98,28.62800489275253,17.91629194743764,American,25.43758043747709,0,13,365.4749115635007
80,29.233479123562944,6.444310068892567,Italian,24.957885379162697,1,78,419.89243699028447
18,46.738188997572045,2.5046714086565425,American,45.4515286582287,0,48,135.0952899159563
97,33.48272896546269,9.486722198124278,Mexican,16.054846850530996,1,32,412.5826516660527
10,11.313866809737531,2.2791326942863432,Italian,16.075446893465212,1,24,-27.61027600806937
17,46.50997851516515,9.720310059550798,Mexican,23.14232599543194,1,20,131.23504161848345
97,19.929057710286077,18.405943624388154,Italian,12.178641894673504,0,16,449.0210765048725
72,33.10527816366189,10.415362836684254,Mexican,17.2983216260996,0,22,401.9888859221289
20,16.620532697118954,12.329994537901667,Japanese,48.608385541829406,1,56,98.58966671968764
90,11.3551664098638,3.132768739476166,Japanese,27.127357594686917,1,80,204.7213792899367
17,22.45892684531029,0.8747125175993897,American,35.28076833689745,1,57,-25.45342991180117
44,41.21982830184351,2.216159243596141,Japanese,39.04445037378548,0,13,196.3214948631085
44,21.103486905176723,11.970631513687312,Mexican,24.678456280288017,1,92,251.84569805542708
42,18.80388856324388,1.9002339798460928,Mexican,15.889082976420678,1,19,194.472399372092
14,18.50723137364905,7.519857798826228,Japanese,18.263240648871232,1,29,83.55896435403635
50,30.606947296272505,11.00183880916312,American,22.53065906322441,1,18,365.8905362700136
37,49.02165262731025,7.773055972596941,Japanese,35.44273681408903,0,52,241.24381544272228
16,28.35955952068052,3.2736760293060296,Italian,25.931221963562177,0,55,154.87213726605052
82,32.29221475560192,5.47582615028213,Italian,10.272587916005126,1,76,229.26251142238368
81,44.42528071562936,18.56635065697154,Italian,30.936287402698877,0,81,376.7581594817132
21,31.402788757346343,13.519645511727107,Japanese,46.86053567629671,0,22,130.03478654940906
43,17.378514856754244,9.92095677359773,Japanese,42.48310444034716,0,61,221.9570693639979
42,21.98383647065908,0.2542977997378703,Japanese,43.00845485038524,1,32,200.6812300902257
57,22.397477050744435,19.8483080097894,Italian,41.80232070424525,0,17,306.3302440323522
32,25.89272461830392,13.429098697892863,American,22.949233024416948,0,72,130.2773549945286
71,27.07155621346997,6.338449546898898,Mexican,40.60775335017568,0,32,289.8920295583355
97,41.99128088297078,17.585373199956763,Japanese,15.72645431244772,1,31,448.38150125289405
46,23.97547996197332,5.168632405836362,American,36.30864589103814,1,60,156.9067704869909
53,28.729273137655174,10.880331583655032,Mexican,35.662742667399776,0,53,389.0985155894071
95,34.99903948204209,12.721415274596502,Mexican,11.022791963589388,0,16,476.45611068929713
44,25.10903789760677,4.421267429074569,Mexican,41.51880534363727,1,18,160.3854626441772
74,43.46259253169332,19.56794557601192,American,46.12992420380522,1,90,490.2307265806197
56,33.49814416936297,14.96383811957995,American,20.696611138884307,0,69,288.7082460773276
87,21.76178716883886,11.156264510221398,Italian,42.49562896744604,0,98,278.6971706314964
12,38.56236799159313,3.6118919635060176,American,13.296238874477927,1,33,58.90983174357524
10,31.105909205791438,1.0771641399605223,American,33.99871433044264,1,83,76.56291267264514
14,31.37823565028988,6.401196650419669,American,29.42587461337109,0,24,157.50132663231727
99,29.24351793550344,15.063746718268057,Mexican,31.83694133236,1,67,461.1858324595397
23,29.88047795284996,5.386625966040501,Japanese,47.0482080753738,0,73,266.47999194296114
36,40.61425124264963,10.791124409910102,Italian,44.85260988987414,0,73,101.7397793566238
18,14.11925917325262,14.558943534614864,Japanese,41.40334628959028,0,87,209.8282253276592
88,23.37451245241929,2.158874292929287,Japanese,20.94793830713484,1,84,333.82179836985694
24,13.020134552155568,13.705960322317468,American,46.47274514744367,0,10,181.73075709663223
99,40.12984882989804,1.837417754200894,Italian,13.900307698555013,0,90,341.0259732965722
51,20.89207418881198,19.30259484253993,Japanese,44.13316866235151,1,15,271.4703792176433
86,45.89721639275537,9.767882601298792,Japanese,23.126402894144316,1,89,489.94986460401054
60,31.06313866637175,3.013522154197548,Italian,12.150892466479334,0,60,282.1886139960266
72,42.02999085944485,6.84767272067093,American,36.77427936962993,0,93,357.4846908113589
61,49.157257424638445,8.268328985905228,Japanese,19.251197132638215,1,79,371.7087957817881
13,43.59155437826282,15.163700221530746,Mexican,19.74284503458528,1,6,115.08986351578496
32,44.67975040046094,14.868475721532183,Japanese,22.24188664915086,1,15,151.86473176692758
24,26.319379814593788,12.23881010674662,Mexican,12.547390700100667,0,98,63.007790630189504
52,32.06890381037359,2.118614251169859,American,17.08508576793016,0,15,203.37598814086965
38,20.15554256173217,3.031387431753472,Japanese,10.205585103422411,0,39,224.6209834877942
45,17.844523987738114,1.8751384129111328,Italian,27.81638084423147,1,11,174.602805550598
22,30.220315164241352,11.543455665751,Italian,13.370215096718852,0,34,160.47992979762373
41,33.80195918801682,17.54276883022808,Japanese,37.30610420176796,1,20,252.6859901018937
80,23.57084983584764,8.676010245095435,American,19.424914047665936,0,49,355.542914915347
68,32.777740710540016,3.216963479154924,American,47.742965761407085,1,42,245.17022504457856
95,45.49841930054012,11.16084650297934,Italian,44.85006509594611,0,99,472.4465972433804
37,32.26886339133465,16.235044337314196,Japanese,21.57763579872833,0,16,152.3316353913624
75,38.832523852420266,14.8342412302586,American,41.32861818626715,1,31,461.4226660765781
51,42.212598694316206,17.629015593500426,Italian,42.12979618659225,1,40,280.4429943906745
54,49.549151278217714,5.558041944977356,Mexican,49.46252456457642,0,5,264.63207904410905
71,34.12789608707918,3.879077345355497,Japanese,33.9135994738274,1,87,299.63450755508694
66,42.27400595850344,17.596329718838774,Mexican,13.278629385746488,1,26,384.9893460597854
15,48.50597274219498,13.151206255560462,Mexican,35.87348915705524,0,19,208.89227627508015
37,47.776389023090935,6.218578600151083,American,34.99918993504141,1,24,247.31375436047605
37,15.643273951108544,14.846961011450183,American,35.53402309681727,0,65,114.5216964337475
53,26.25569233094088,16.302367689607358,American,22.28582592416846,0,8,366.700779257392
93,22.959602444271987,12.299564806822648,Japanese,44.387183403213314,1,91,374.6946211016602
39,13.477000598013973,13.757682197598305,Mexican,48.37888731821648,1,52,282.12830249633066
71,35.329630996438425,7.5051980888533265,Japanese,18.708500519126066,0,60,284.21444757681473
84,39.43618452784009,10.773913346860782,American,13.526086325465778,0,37,347.21427814181857
98,43.92512381867534,10.483183414523245,Mexican,17.781401326739363,0,2,383.5234314551212
71,14.91107558650834,16.96095582261544,Japanese,42.82208557022875,0,83,399.7027714156685
10,45.05776303501175,16.79927960564365,Japanese,37.0657853927939,0,69,157.5936079745852
36,35.71702254457013,16.653609386940865,Italian,35.44189369356506,0,96,281.13994170337656
71,38.15784540554038,0.2206322852493158,Japanese,26.07172540437698,1,54,243.0342553069918
86,46.42496014161216,14.990909689377766,American,33.11311886045743,1,0,340.6267177870352
12,34.990450841730045,15.173527802220097,Japanese,22.314965010974696,1,69,162.6838913691738
79,23.434634285993404,13.567576457102836,Mexican,29.08800317671845,0,44,279.2886934046997
81,43.0042932569064,15.125293157829052,Japanese,41.72252113482624,1,97,385.0488272603391
36,24.52236848780362,16.839407429934173,Italian,49.249663898218486,0,46,238.00658973838492
18,11.369124432821163,9.406381082035711,Mexican,47.29955694359207,0,78,113.6556176578066
71,43.22618026260999,10.041004269768942,Mexican,47.354637713849954,1,25,359.898748952465
46,23.807685795251025,2.4942811382278096,Italian,26.08894939388449,0,13,227.9490839901844
60,40.95338092805361,7.707517660947236,American,28.75159522027164,0,53,231.63454420557352
53,24.51031578663782,12.867303598235686,Mexican,38.22541585475926,0,70,344.37669807053254
33,44.44272079898887,15.60799552294549,American,46.88767712205137,0,45,258.3128435793399
88,18.78042100323835,4.344181953824212,Mexican,15.679770374083386,0,30,292.4033827266311
68,48.9818906079548,2.756457983184708,Mexican,22.16967455308783,0,87,217.350451390564
41,41.19035099152123,13.260840090009845,American,15.56987378376438,1,58,269.64421795071496
97,14.569517036815874,0.0375976704982128,Mexican,34.48034119837821,0,94,300.35999034386543
61,32.63106479866242,3.5674516861465966,American,22.252039875501502,0,28,275.4038573637021
71,49.414692489669385,0.5814276068790747,Italian,23.044314100502937,0,95,270.513360748075
67,28.84261810775257,3.3377023570974185,American,12.836638379519169,0,16,366.2391636185893
61,17.28428555286333,3.626385598510105,Italian,23.99184247230368,1,13,205.34926612674084
21,29.39113468601385,7.753471895007884,Mexican,44.49986029606342,1,35,226.39174442823375
48,30.498306235276864,8.046542493731119,American,19.3229124756334,0,57,362.2557786543997
11,39.66747776914662,17.485249412204755,Mexican,37.80749864840263,0,23,163.50193427910392
12,37.95383412643618,10.202194249976504,American,35.185133797543706,0,62,140.26838359424593
65,26.10200174387922,14.468095312245726,Italian,44.53938433476461,1,90,258.33872777297995
90,18.72092429976346,2.082747158405749,Italian,15.29151790604153,1,24,284.7478321111949
68,35.80216671077318,4.508775109273877,American,49.10359841380173,1,58,261.2324669349032
11,26.868157382131272,14.058868819573537,Italian,33.305145841614625,1,31,136.87810960978817
11,15.291048445013216,1.0560792093705618,Mexican,49.818966093872575,0,81,138.26964515466435
63,46.02289204945543,9.73195324487506,Mexican,46.46058903463403,1,17,363.4186198379388
96,37.648874304386176,11.987379313258677,Japanese,18.86069088452423,1,36,384.77062418316336
10,37.32735425781925,12.04291288104962,Italian,12.246480396132524,0,25,236.44968114716332
28,42.90335503646696,0.4586562253608406,Mexican,20.225563751814462,0,8,164.63753480377312
11,31.18646714620324,6.44216008458371,American,31.102545959976798,1,98,57.31941976618465
62,42.60217713609829,12.72981302098308,Italian,16.8638546826076,1,63,325.5445588072106
53,29.92363014044023,2.979994722984869,Mexican,16.69838978071954,1,71,233.795812665712
99,12.687015996628404,13.908312966561065,Italian,28.503741884206125,1,19,436.78065640336433
41,26.209923521107548,14.91850417627349,American,11.330718846774335,0,53,215.0685302679431
79,29.898595759195626,19.639383808922904,Mexican,14.87552330129082,0,85,432.026703468786
41,38.80810326529184,4.196839897128188,Japanese,26.634453576317902,1,82,278.8993453321805
77,14.263149205146972,16.502613353322303,Japanese,12.525196368318658,1,29,308.96826970143417
64,15.60074154641796,10.405931538373082,Italian,25.870202258221173,1,52,254.1584923292848
84,20.547352105384658,7.469251922883469,American,28.960250637937804,1,91,267.63046979113506
65,20.659935734835287,2.447535146503559,Mexican,28.050664562924577,1,98,199.98073094017747
26,39.28738313836249,14.710112129750753,American,44.76699429612349,0,62,224.9284041997824
47,20.02922642246391,4.717151982873742,Mexican,31.202498202069297,0,10,258.71532642062107
33,35.32392253429791,7.428440037460914,Italian,28.71921849912173,0,30,269.2385389605614
78,29.770954005530857,1.2508445379473687,Mexican,26.42836981566665,1,48,290.83497064273547
79,32.931775127176024,16.02733831639038,American,42.70493513217944,1,99,262.7776379554041
95,43.52427852713184,15.331770479432867,American,45.80226415999333,0,93,409.3034161140818
20,26.175260061960973,14.67231660084625,Italian,44.12969876788471,0,86,193.0134802572453
25,40.83645508257082,5.988870209837733,American,36.94186312525564,1,18,180.66104704212148
82,26.88144238202749,3.469601485319145,Mexican,15.49446983874697,0,11,285.4671803189661
68,24.15485506244998,12.751065289404597,Italian,21.07479877968049,1,14,328.65513309755346
79,48.34508709252882,9.92332768226439,Mexican,11.842522547279096,1,30,443.9866368408522
89,17.37483682715853,3.565049338092832,American,47.23296299960457,0,42,301.15957411671485
12,13.613478423104317,13.718225420997276,Italian,36.43194118763641,0,36,96.37982086458084
29,40.83943702141914,19.822528636426075,Mexican,39.85451537252966,0,78,252.9834073759929
68,12.729988214163663,14.944391754840751,American,22.46286958328916,1,28,315.83373534885214
45,43.48315962812117,14.799727733712237,American,43.826140891093694,1,25,397.6446395388359
28,27.487735854289745,19.006255058611835,Japanese,20.38413134833914,0,1,237.5759043527661
99,46.62054709167656,4.058727351498044,American,10.065750284497987,1,83,404.5022097358506
76,38.86131444487623,11.310999298428808,Mexican,25.05659850082776,1,14,350.3093698038552
28,34.416186680318305,19.59293430067767,Italian,32.830459238362934,1,3,304.4761429901761
29,47.97227188231063,3.305882219403491,Japanese,29.148194318620902,0,85,300.8587017334796
80,25.86597492208217,14.00503918889042,American,44.48304570306388,1,49,356.1079961242076
61,48.16347746158532,11.71620291943804,American,14.216211438246678,0,37,343.36286362245363
42,15.400051096848276,11.72958184377414,American,32.152937625349026,0,22,228.64714009882132
49,29.35019767729651,13.953412550401502,Mexican,30.519173992836297,1,58,166.48593807050452
48,20.7964488956878,18.592338457513684,Japanese,21.25571928688652,0,89,277.1865625114059
91,31.593711156327736,15.65163879702676,Mexican,42.88912450308042,1,74,424.04176038968296
10,16.480555115663385,1.1227220683242,Japanese,40.11394623528825,0,27,46.67513578206662
20,43.66118641240173,17.054560397514223,Italian,39.31436749327324,0,65,202.2323644923451
66,43.85631397258229,4.510826598514653,Mexican,45.04769913078224,1,7,268.00380124080186
98,48.20945250893916,7.538283294727439,Mexican,38.91138402486085,0,28,458.72836294212016
59,16.18688563532945,9.234656272247644,Italian,19.273651668589057,0,10,310.20550171442574
32,34.93330203619963,9.618120015061391,Japanese,38.22250846598765,0,17,219.0541329122692
40,28.969492348014786,8.703607985107135,American,22.308112535593757,1,54,388.9162198377836
51,23.77534928176933,18.747065884317287,Italian,19.68698601389882,1,49,291.3070946032153
16,24.061606445368756,14.120380153280491,American,12.920143715985091,0,13,116.0112279845307
25,26.51174202427009,12.623412919134129,American,39.76114321390707,0,73,149.1359037046276
99,38.19702198755813,0.9968405556588312,Italian,38.440038477992445,0,98,356.1414008930872
69,33.931442330726185,18.07826660520749,Japanese,19.37997910696375,1,8,308.5063721900007
11,28.387260510445245,18.187803840167923,American,39.97516066896624,1,98,241.8505907941659
10,13.037336414784884,15.604261268602048,Italian,46.713635323742125,0,10,142.67447688474232
57,13.110613763158284,0.1405840762723831,Mexican,14.321158299663171,1,62,221.8492867970872
21,10.09357562503113,1.1456050215524671,Mexican,19.305465535471,1,75,158.55987801545837
78,48.707975528283455,4.504474045369795,Mexican,40.01043176349262,1,66,307.9686104473916
46,10.210152742335396,2.626988162898134,Italian,20.98026694028313,1,52,120.22694975970931
41,14.123749840549795,7.976720594074589,Mexican,34.98655897134867,0,38,276.87195886512626
18,22.58386227237644,18.452461161755792,American,13.24656897854858,1,77,89.2171390944111
28,42.297210072670445,9.441208683939966,Mexican,28.08809916414155,1,55,153.3087716165818
57,48.48395143056471,0.2680525286433122,Mexican,39.56365687971813,0,27,283.6463855157544
89,41.60054235167424,5.65491379157524,American,37.4605577217301,0,74,424.29449916004927
12,37.62240929782563,0.8918981674592308,Mexican,42.60288402703228,1,38,73.04853700216181
29,30.852026696542776,0.7257524522700431,American,45.09808506412676,1,24,193.8420027559532
33,13.468208474487344,5.514397061911045,Mexican,40.92734005035033,0,20,181.3720250731189
63,48.326831720157216,5.512246773578909,American,36.86350971755704,0,9,295.9440033670058
42,40.33569655782726,15.74253205203208,Mexican,11.268899672641249,0,42,306.27991417260864
33,35.55797541337047,19.49669305562224,American,31.39866693637776,1,14,206.86336482697288
84,40.361433821554,7.424141877799966,Italian,11.50790899659411,1,82,413.004618999386
81,38.96413317092554,8.577737577220772,American,42.322712684640905,0,47,434.1430937965747
45,35.489263191579475,16.89578872572043,Mexican,22.828980978398302,1,85,213.3767241079442
47,49.22307200719953,5.362780401910268,Mexican,32.497174964716834,0,20,186.86822128515664
93,46.134552505441,3.127636088068959,Japanese,21.177812292756105,1,59,308.136381379064
98,35.866596764686534,17.06179246807301,American,41.300005775211744,0,95,464.188658103816
34,37.72700845827699,0.93001172880131,Italian,45.4601010656761,0,49,221.86149136839936
27,12.0638322663484,12.393988803988314,American,25.94569976852256,1,22,158.0483244166868
91,36.79669858200157,11.239856949336136,American,44.51689574043956,1,12,382.712417879954
75,11.766617508404009,6.918408950033886,Italian,20.683000298253297,1,68,296.3168076513088
63,33.53055027879724,6.30379042194718,American,31.386436923020952,1,3,318.56968535701736
44,49.9741399826334,15.437154523632426,Italian,44.35045719354816,1,91,330.7138193126919
89,32.23226325748719,1.7284922152509297,Italian,23.03525370463161,1,77,330.39417513411223
70,28.928404723253337,4.735686186227708,American,48.16169060312343,0,71,349.2052774328116
50,22.5141942602235,14.648974636761796,American,14.875180071255343,1,8,307.84535305070165
42,14.820903151458577,10.966411674528484,Mexican,10.731002788940248,0,34,208.1580687783137
77,39.24094685833126,2.559764170671728,Mexican,46.16541410312762,0,20,398.5663824938782
42,17.703961111425215,17.642712285641203,Japanese,12.74594664591489,1,57,269.0819814233123
23,14.611280849891376,7.868956931271831,Japanese,49.67556783789967,0,17,131.16699903879922
30,26.870506389220505,16.557367506443455,American,48.055874479164245,0,96,391.972849892476
57,41.8136735183639,15.754260310554171,Italian,15.480836401452828,1,71,288.53222513178684
29,39.80258192480882,12.48850892943456,Japanese,31.503385027702635,1,80,165.63096037481083
17,12.195304585858995,9.88962262590186,American,17.396811898685772,1,42,99.80226740439464
16,28.20574740144625,19.59101680763514,Japanese,27.126206921204798,0,94,281.0757323318283
76,30.89738304284676,2.899301447596341,Italian,12.457005170393307,1,97,406.3648505326446
26,35.78186602503288,14.503114551022296,American,18.95698351186358,1,5,271.7212349829828
42,36.006694017729124,3.82381402929578,Italian,24.53091185595598,1,85,249.1364350325978
57,24.587889978292235,6.765262106646968,American,27.545900009842192,1,77,187.79778054293777
85,32.42708776014056,6.173974867463905,Japanese,49.09985032835573,0,66,346.2718971785027
68,29.242475353763457,18.94071975477446,Mexican,42.31462582735925,1,11,233.1435954114649
95,45.399934260931246,19.347123555765503,Japanese,39.49639777247785,0,99,522.7666362739147
31,31.210605305396008,3.660308884694543,Japanese,31.48165258967897,1,11,235.4213325206894
39,27.641286469926463,0.4407032059500837,Mexican,43.599910424173736,0,65,172.9336306600146
47,26.17941798727403,14.400160793262264,Mexican,23.572913426228443,0,1,321.76733444528
60,32.89711037733863,8.359798677409687,American,38.35596451093264,0,14,234.93359080600985
63,42.1590791760359,1.7768049017512877,American,49.75135901512688,1,22,230.3129583624437
17,31.5360596152315,13.675082111540853,Italian,22.585156357407957,0,28,201.3184206454021
36,36.46620700322166,10.902110565213992,Italian,36.9607013953587,1,80,246.5948798918678
36,39.514230676261,19.61033644002212,Japanese,43.7725945660953,1,95,291.8101924873208
30,30.806724395149278,4.548189917227578,Mexican,46.632303334026886,1,6,27.151135967130728
39,27.072682266194576,8.079557526530966,Italian,38.71730763760407,1,93,244.64901176339225
37,45.06661511449798,10.850916067908456,Japanese,21.34431693668545,1,27,285.24567458073466
73,26.700243361115685,15.833999769067033,Mexican,23.05128606275786,0,13,308.82839736118666
78,28.477714023023506,10.976773134401174,American,10.830321284958568,1,43,374.4070007628561
70,49.613652533671086,12.258003217238985,Japanese,40.43543910686039,0,29,300.34899033176987
57,10.009500943035384,4.522941031798816,American,11.709584242478057,0,80,244.5486957688682
28,17.418916383068897,16.938374561771198,Italian,44.58609418410983,0,31,159.6923291497161
13,25.35855559678903,8.572610939409515,Italian,14.746424578981552,0,69,210.80771869426215
44,47.30359637701012,2.8191925504353854,Mexican,16.87506048543697,0,87,252.1820120929691
73,12.80118822989884,13.283758290108349,Japanese,29.061058833289493,0,5,372.35588834354127
58,10.379417345139924,4.32180906370615,American,39.515216606749696,0,26,270.6884077198673
26,12.107353439089144,1.9512502047859948,Mexican,15.560088207963108,1,81,184.7136561283742
53,13.541736424544728,17.239738168085445,Italian,27.602843002659935,0,87,251.3293656957186
39,11.503870928250436,9.203245289768793,Italian,29.31405097640419,1,23,139.5220891046044
55,29.19125307426019,14.985674253915528,Japanese,18.49142566674365,0,33,286.2784970018105
15,33.23028828909311,5.811751196127101,American,14.622335067225269,0,39,155.76366684324944
46,20.867478842760164,15.739402698353327,Japanese,43.456836919425584,0,46,286.19980548185845
33,25.931495359025423,2.2387185404306065,American,30.09862599051062,0,78,143.3425136598049
55,13.667973404457204,7.119467475897054,American,10.575249439366118,1,74,140.1916724164133
62,23.45481855313688,19.56123635947057,Japanese,42.11925205236415,1,85,245.66180895067717
69,30.90076766538093,15.879794327360122,Mexican,49.2317522165834,1,23,264.8550625001611
72,39.29087228738581,9.945118606293764,Japanese,34.23704781656989,0,64,402.7605941659417
94,10.133854481719167,6.795549431237702,Japanese,30.14833548336283,0,17,254.6415017291712
41,28.6924306615061,17.44271400044953,Italian,45.13663452179847,0,43,267.46543824631624
96,21.880115058195287,10.896955181690313,Italian,48.10067158738394,1,75,460.8298949661878
42,44.11287286767605,15.16850035738222,Japanese,40.18147663609842,0,56,314.1676276838506
76,38.62213260936968,15.08215360632328,Japanese,27.818117189371517,1,27,484.95084820279385
27,33.56434137883579,0.3589135713698366,Italian,33.68885597325762,1,70,164.72114414961743
34,21.090625827870944,2.525075655852269,American,38.03741460071997,0,22,216.45659725202083
63,46.41356408230137,13.192587327894843,Japanese,17.770942840072056,0,84,281.47509590412244
67,11.804027088812926,3.232396225717429,Mexican,27.88804128865752,1,33,234.234798660025
76,14.378703947164606,5.109866893112094,Mexican,43.1928505886914,1,10,174.0834241071221
55,25.66520562161424,18.932759083992146,Mexican,36.18901393993772,1,85,364.0336257589168
33,14.977502291874254,11.203645167498236,Japanese,26.448162688474163,0,34,300.02709341219065
41,48.256627902377,15.014590139986945,American,36.53450136058726,0,92,263.8036196105896
56,41.91957288573533,11.159614775652798,American,14.728896482898396,0,41,318.3322992185376
95,20.35930606407255,11.050272295654503,Italian,26.059904422595054,0,27,294.5890404969666
32,33.542169158929816,1.883038202513958,Japanese,41.72514151852226,0,81,202.2351328988964
75,49.29322060320327,6.8732638521820615,American,18.82035148546592,0,77,406.0549437042709
36,45.367959125260114,5.648617973730234,Japanese,17.438460302296708,1,81,144.5060822037692
11,34.03193785768792,7.814567312272265,Italian,48.03274639665726,1,91,163.92911097852456
99,46.14895868701082,15.966883764486566,Italian,18.39590518344923,1,23,459.0697422758067
26,49.56739639253436,7.438653358337297,Italian,20.436743186006723,0,7,238.46880105596628
42,39.734112915744966,9.033936384633654,Mexican,48.78463755617352,1,52,256.6323988901934
18,12.59945637931576,7.94762780970633,Japanese,39.38834281060103,0,71,126.59930765459144
52,26.063209457019497,1.868159439505912,Italian,37.98386132094113,0,3,249.26361993481672
57,43.51302941132982,8.821443165015674,Japanese,44.11705535418325,1,90,249.1352861205964
48,19.22276783220076,3.9121854608903006,Mexican,14.632923289471773,0,99,227.1060701113873
51,43.22570071002498,3.7344659154608295,Mexican,38.23824946320029,1,4,256.90566623869336
35,14.813550481399837,1.880722088685327,Italian,30.14754437312956,1,96,122.29851430956556
59,11.87781428591252,7.133419482835295,Italian,43.1660256113656,0,48,158.63420684227563
34,25.363624459649984,15.149637695788346,American,30.32566874660777,1,97,240.5400056995792
33,11.469277497064546,5.528833811667921,Japanese,34.80965417075649,1,29,237.94378980480025
22,48.29081051933302,6.246982037710271,Italian,29.10968505598144,1,71,198.8866089758086
69,43.04822783175864,12.853493153448472,American,29.12635694223376,1,62,380.61341458477057
16,42.030787485195006,3.9168162517383776,Japanese,40.71879912247326,0,46,264.0589653178834
66,35.191116919846124,17.939158608470688,Italian,35.14265602589133,1,25,339.0892755149212
45,18.65296092146214,10.40381046503109,American,35.330528064376416,1,56,197.3275368899721
54,30.730414667055687,8.95205880640434,American,28.01129935326103,1,36,173.02275265534922
29,33.89096289721364,11.156403838584028,Japanese,31.2443798535011,0,97,50.91547366388923
74,31.001260034410727,3.320686268323909,American,39.82870664819149,1,6,269.17617947973844
17,20.409334718061093,12.269462772783529,Japanese,43.03763676447673,0,39,181.1958148473277
25,30.609916972589037,7.262014732680209,Japanese,37.86245608576185,1,91,109.2163583436682
23,29.647453634745062,17.94372681929238,Japanese,46.96291955382733,1,38,197.8172020101876
85,49.85343103226897,3.3770841335537227,Mexican,42.81296352588804,1,61,374.1600239258101
96,45.89744592184815,10.141022077308822,American,32.474551592380735,0,91,353.85197560295217
24,28.5352299286248,11.96225258738036,Japanese,36.85624290574948,0,77,185.7354753426949
75,34.91749531740474,0.6676720357276245,Italian,47.05233107684784,0,52,326.8374472113732
41,39.914864163689145,7.273862495122804,Mexican,34.76672176972234,0,3,336.2227677740614
96,11.394606409352996,14.652704694016656,Mexican,42.99227791919323,0,81,324.0212621474316
72,45.7968576491136,16.407550148979468,American,37.55242014359949,0,24,376.3739539765264
95,44.40507265671695,6.263239896345647,Japanese,32.077454442418656,1,6,399.2691103393617
60,28.29728391094829,15.971865447655023,American,19.67352781661413,0,27,293.08744148758217
34,25.64679064321519,19.355117542067777,Mexican,27.039900778737124,1,68,278.8705847137587
67,20.9183749942526,17.137478721501882,Japanese,48.709712993348624,0,66,300.9057772979121
72,29.06707313321473,2.352879763186504,Italian,36.310615330904,0,94,302.69675875317034
71,11.77506654132947,14.794606641710812,Japanese,32.575815213559586,0,19,288.90482530929967
31,44.08774133388031,6.393336648810895,Mexican,47.31826502112909,1,82,234.3481645797796
67,11.416894736741805,19.76831978824153,Italian,33.46047124149795,0,10,263.4638769606278
67,23.16205461479484,9.707179663197742,Japanese,31.04330073669612,0,66,300.59948861115055
95,47.26357953275959,2.4486779671788206,Italian,40.37243420600821,1,86,480.754513825222
58,39.40850618093811,14.503710960547815,Italian,38.50662475946178,1,6,255.1177213121457
61,21.25563842310107,6.460223967724277,Mexican,17.72640033633731,1,22,214.8227570635937
51,20.105963758435404,19.941563141633235,Italian,28.852330982964848,1,60,267.7270824307135
79,10.203285592721038,19.59564915709044,American,28.900617712783408,0,70,408.16582062085234
24,37.82857171399001,13.122680360411614,Mexican,25.12898060973379,1,33,231.97471414987635
63,11.951343266926925,2.5965289790343515,American,30.69173928609013,0,18,83.06369090332899
69,31.304100776030484,13.73721995350058,Italian,26.52429590908577,0,57,412.9268001368629
17,48.48487890368199,1.860609729200544,American,17.973819578847326,1,8,211.38944801062493
62,14.378754402178156,0.5872831820478464,Japanese,26.49465949098724,0,47,141.54352090605593
69,45.779197238722695,16.459168924429722,Italian,12.891077902927064,1,81,325.0684296611068
14,49.65901340580193,4.195058953673627,Japanese,33.03143451097647,0,40,292.2978293894159
77,12.460681049569402,7.580542524381948,American,44.14618195764448,1,47,343.494580233603
15,45.31625076549845,19.469147799523466,Japanese,39.011483374182205,1,44,299.3528926023737
56,30.643160817744665,6.736810037222066,Italian,24.41576160216445,1,24,270.0704893438939
64,46.2605487777832,5.929795625666305,Japanese,13.482848223092327,1,77,259.56620036048423
49,32.852757676782964,18.364159992455505,American,18.085975969010832,1,24,287.2146325521496
61,36.48448040426258,2.214968906379162,American,31.81961361979343,1,18,325.154648058228
25,31.75115631989597,15.191648202292637,American,18.282283335321317,0,38,174.66296966922818
22,44.57971521229394,19.76131133305548,Italian,31.7589244513987,0,78,222.718619811158
39,39.35639675814807,18.025920215492977,American,19.26396099055596,0,79,359.08601012376107
28,30.850412487216595,13.033358374128518,Italian,43.95695477904291,1,26,208.42408314137435
26,44.72643216206188,6.28121589985464,Japanese,25.890858913618388,0,73,278.4208386366257
72,19.81142129021338,5.086439623566335,American,19.822025037779643,1,62,246.13079274605968
28,16.29362638810104,16.385102097429222,Japanese,42.49304720988246,0,67,165.25383554376373
67,16.416004213202882,17.596438279033904,Mexican,23.71355859221803,0,18,276.66559382046785
64,23.360355149809514,10.508698250913858,Japanese,14.459507513551277,1,27,314.1050309529588
99,19.5476012520407,4.886798815729323,Mexican,32.81637965614566,0,84,319.86550120704896
99,47.20361402038954,2.258864168223471,Japanese,33.26256817751955,0,77,394.4393475604745
71,14.23336375314336,1.7435893566366234,Italian,38.58782700942937,0,32,218.40249082154293
32,37.95962952158351,14.381548947077112,Japanese,19.60877732833542,1,9,291.0891078603849
18,17.568861591400236,8.402374556954499,Italian,27.7508535636898,0,82,192.89545760562063
21,45.26548531081401,18.107197485557407,Italian,21.294716761706248,1,29,185.6755560035913
10,48.4526115273963,14.793426014535276,American,13.238149444627524,0,21,260.86612417598553
67,28.618800350799344,3.825208358291734,Italian,45.06455308063566,0,2,424.0145017910801
10,45.16285920912527,12.27554837631398,Mexican,39.15479217953364,0,81,155.78443270741008
43,10.20580683018859,8.710109087963186,American,22.058522378352027,0,74,171.40081636542675
57,42.797876696324,11.54499461537226,American,33.97491971487945,1,47,472.8480308197152
98,19.14500646099694,14.761382466770344,Japanese,18.050551525378896,0,1,371.6813539616999
10,46.34805237077472,16.123917620075815,Italian,45.60946487183084,1,75,228.94379530482263
25,10.04480445920438,16.874746528134487,Italian,14.596253734476411,1,53,220.36788069071875
70,32.24726940159028,5.0794974914404944,Mexican,10.153485820312037,0,5,364.1679973792111
73,40.26543215139739,0.6223119983471537,Japanese,30.080327909567288,0,39,310.2675784107685
72,20.34753322791632,14.785894703295464,Japanese,33.32511293811477,1,92,297.44588244631893
78,17.725314583491723,2.126874525115492,American,33.15861281183217,1,93,240.514295186622
31,13.363928978719386,6.298391772259353,American,12.180477097513052,0,1,79.86631533716118
76,23.05734306013172,0.0763426824869428,American,22.561752276737295,0,72,264.10274059727755
85,32.39377249235318,13.633389648032402,Mexican,29.967957873653276,0,1,391.6619600089718
35,14.633754271210307,3.342640229424425,Mexican,18.66316742508964,0,92,110.32085322646483
25,25.06781447947195,13.105648193833163,American,44.905035419435855,0,96,40.07049394545835
60,10.362896186108998,19.834852343356776,Japanese,13.48437157845736,1,73,361.5529383223986
95,42.74717681999367,1.4534174322003257,Mexican,29.49537766688172,0,97,346.9235191772644
66,15.137948723727654,1.5415602390292138,Japanese,37.65664230052608,0,54,145.66546547447803
38,21.333717930623266,6.807601853333498,Japanese,20.470044005379297,1,71,162.10108304972658
87,10.737108749528698,17.327730285026842,Italian,34.969629479900725,0,59,371.7323478892197
78,27.289631355700493,4.310597375826637,American,43.17540600569498,0,96,205.16181952395203
56,43.604860109648754,7.207556398606951,Italian,17.613479003801903,1,5,324.98622755397105
71,25.686048457807864,1.3701081325395914,American,46.68882367299452,0,18,196.40125148447996
78,17.179892936953337,15.263105825177789,American,32.14234130649432,1,95,434.8650083449583
85,40.14795336202077,8.166126855189022,Japanese,21.969280172042424,0,26,437.7259276681585
25,41.55227927482977,15.184974661216856,American,27.234331015290827,0,0,212.93655647340148
99,16.95013901230267,18.0721568869359,Japanese,22.48767535145552,0,32,394.6819876622096
99,40.83416434163959,4.655262942025775,Japanese,39.00444639733264,1,39,405.4757996372449
57,47.89191553025352,16.147920606799026,American,41.85202653660529,1,31,378.4028781621847
94,16.655103477290893,1.1818778015650655,Japanese,43.31749569274644,1,68,317.93467527484177
48,40.83937170128542,17.976947763604947,Japanese,49.43072998342964,1,16,287.56431522025537
42,38.34288018410518,13.015370951174948,Japanese,41.65137169986734,0,7,275.2114983817144
32,28.94295553740354,17.48453448276703,Mexican,34.05536282754254,1,56,202.6176116616105
19,12.316818422351933,0.0037679911316379,Japanese,23.568811935671352,1,41,110.87488550525138
78,12.98777671031416,3.3816214071198503,Mexican,31.783817948429977,1,97,196.92833628427476
43,44.0965863679459,7.795187748529841,Mexican,11.642726911616217,0,8,261.27154614450905
61,49.60593491002588,7.590058067494372,Japanese,39.793003021196526,0,86,293.1873092270694
19,37.042090287470174,4.534607658470213,Japanese,27.83822180368407,1,34,111.17063059443896
28,27.838332280412857,7.632238797344002,Mexican,10.800929189287505,1,70,260.91544329211524
67,35.902945736076305,2.576974240005097,Mexican,12.500277660416431,0,78,284.5457691451397
10,33.77583436914181,8.25522258532052,Japanese,25.498658552870268,1,52,106.5554468856958
78,25.344490416224872,16.047086583185283,Japanese,33.3368607607374,1,53,417.2333617882197
13,12.625045782960518,9.581401262067024,American,28.568157958085067,1,83,141.2283856154639
25,42.86051789629764,0.3600017789042997,Mexican,34.7681726916862,1,24,225.6358839261896
33,24.873341169548983,8.428880831584948,Mexican,29.21177035165423,0,66,127.93655963925076
89,42.75142573428375,0.5435003218168832,American,36.46815381925387,0,61,380.8633042910206
11,20.10034998753529,19.324868214135964,Mexican,18.765042586832035,0,54,139.36555009627804
41,10.041179193825336,2.54907918845738,Italian,14.513727487344855,1,45,226.68790048741027
93,16.357531331070263,14.153766526612374,Mexican,33.8573581850264,1,23,220.9561244199702
33,28.74157667074337,19.45552645784172,American,29.3875806774523,0,97,167.10266491034585
21,47.77214539831319,16.52078103333144,Italian,11.074706161797412,0,45,336.39503974413486
59,14.08774478774876,13.986307502524074,Japanese,25.219275419721438,0,21,270.54255109782724
44,44.16839097846264,16.789218190015337,American,14.24502341963982,1,10,297.2885876718541
42,31.08096384847448,19.635973865212552,American,31.25427327010781,0,47,239.91430630098176
42,43.03683063199586,12.426889945070592,Japanese,25.83110718641723,1,7,258.6604558549599
70,21.934977239599704,11.18369613658653,American,34.52607644412072,1,38,162.43033389289317
60,43.59788658689887,12.564762209265629,Mexican,42.22408875080953,0,34,357.71478998024565
52,40.91291120067218,10.6535177352311,Japanese,21.98674735365963,0,48,264.9095347708384
21,19.20214732125736,12.701782118194377,American,48.4840841666011,1,45,151.73322663643734
76,15.253405056375122,8.996844159451186,Japanese,31.425380023502974,0,37,315.4251889483194
74,44.722172901291714,4.368863657666142,Japanese,34.73163195019152,0,7,291.4544727065486
42,48.52946613760528,2.4049445302335126,Japanese,37.22689492902949,1,53,330.29643043013937
49,11.252092549900649,1.366818710645208,Italian,36.66926119430359,1,36,156.07765441452707
83,39.25080267894742,5.266315675064002,American,30.438829721802485,1,90,329.24733894920007
52,46.38098043791273,0.9224712867146768,Italian,27.15057164458734,1,91,274.1840667362171
53,44.29440368369995,11.343415598387711,American,12.151278567095115,1,39,309.4794629921627
38,48.580818890808345,5.676568940470405,Mexican,10.88343381204719,0,33,341.97023699879287
22,40.40376313752389,16.490696161740644,Mexican,24.318447781310585,1,95,247.0698272520632
21,27.69195049523641,1.4848174597677288,Mexican,23.346435625347706,1,78,111.08730772086828
55,22.478079619805214,4.527029886829719,American,25.50780619356027,1,16,290.59081094844584
11,22.829709617525097,14.60492294180292,Japanese,15.5347280355276,0,32,49.23777578037556
44,38.97690690456468,11.976165927669827,Japanese,39.52673082147375,1,46,282.5435136519614
96,39.833480481238574,1.2898254249833507,Italian,44.27857659104956,1,51,263.97443974917485
90,18.014365741948506,17.54478914324401,Italian,47.5485854149614,1,79,333.5772184692328
99,44.72491253962124,17.54523525652359,Mexican,29.694492140785037,0,92,518.3270032091394
17,38.59696160808991,6.6081600775154765,Italian,38.03462796501714,1,8,204.36238640495537
35,32.5100114537353,6.808116866991294,American,44.2220449374349,1,32,256.813117112063
83,28.86129840410051,19.78056716700348,American,26.73164444373944,1,59,399.7575478647573
99,31.729312231598325,12.523523431862763,Italian,22.376511794817773,0,92,341.80381457035537
43,16.36982953117058,10.626330411361185,Italian,47.4689822341396,0,76,229.57920841101196
16,18.14804997105097,16.76304367103849,Italian,30.627062043082923,0,20,104.63431073498684
77,13.646579616247667,5.705806767146329,Italian,29.89015546363512,0,57,402.90546230616815
67,16.146321526444506,8.583651867927138,Mexican,17.13664386253983,1,84,143.42095984705315
84,28.147745384211305,5.355533509766683,Mexican,14.32620058293427,1,68,390.9255975474857
38,31.214175749130245,15.783216931774628,Italian,43.68427449934047,0,9,219.19057498312537
45,10.714475699132777,11.46698691270436,American,34.56532704750072,0,5,217.894580978216
98,41.8719131145611,13.17650140280141,Mexican,23.032983360777948,1,12,449.07444150161103
30,21.766718933739117,5.046144996788131,American,17.669448695610658,1,64,171.7534695090495
45,46.473441398396446,4.404506027546303,Japanese,32.219891206785256,0,19,296.0598969262128
19,48.70045054455111,9.767492579658777,American,33.35677157044542,0,56,151.76228204692842
82,17.418354987066174,14.751314981856536,Italian,18.279744049802325,0,45,371.6100960898002
33,28.483891630626424,10.504795150403204,Japanese,44.05622991565896,0,7,190.60731377865977
73,10.049273406657036,0.6529135509133721,Mexican,13.370574646234044,1,9,187.0222093983268
58,33.933090604897075,17.371030126405774,Mexican,24.24372340665687,0,72,329.3865190187685
45,34.29225793050685,1.2937378703026314,Japanese,37.215376550500885,0,66,233.36036236453336
91,19.901598224135007,19.11648967441505,American,20.964814552768026,1,10,461.88655366801135
33,32.33650690332792,0.5028391655454545,Mexican,43.10700779125087,1,11,186.68196167940596
32,19.02160569774942,13.889009122614176,Italian,39.59471306401614,1,9,201.4229832108772
71,16.433018763127603,1.6441412742356332,Japanese,41.560913781925365,1,24,157.69610694798826
46,36.06077867209059,18.213531588702796,Italian,14.76426143506865,1,48,344.61227064791734
21,23.037018558082995,9.288664724510856,Japanese,15.621885119821716,0,48,139.52350880900096
64,33.6105575554249,2.750475496340308,Mexican,21.458949509783345,0,88,335.9146027234551
22,27.329869958866222,6.816313995796932,American,30.723086607902445,0,10,106.81392747526816
32,49.37405629611616,3.296493506935241,Japanese,39.920643067976094,1,61,239.9972406336457
98,15.98322570670263,3.4116382311418003,Japanese,43.461235630436136,0,35,311.2183850924754
39,28.583943865432406,18.96216640342885,Italian,38.17341263828722,1,38,302.7671014149516
26,37.218265054373006,8.904922245695763,Mexican,47.14387526122553,0,52,193.27787997075723
71,25.821803355198742,15.77604527810719,Italian,39.54974038463721,0,89,304.2486844365852
93,48.9879940748276,12.792111223553636,Mexican,22.25071548018459,1,77,466.158302250869
98,38.8755051170774,13.528527246767846,Italian,20.603251373542903,1,55,429.5654261018779
95,36.27935430257972,2.6338687694407703,Japanese,37.8476980120436,0,0,339.6173813546062
22,40.28237070444894,4.683688936309713,Italian,17.71482274758457,0,55,249.751545604682
68,48.10594552154868,15.73500670308874,American,13.708592432410796,0,3,462.10452936671
28,46.31274611938561,19.41532412949566,Mexican,31.288914994247754,0,29,273.8164197172116
58,38.97141232505648,5.253512851973035,Mexican,42.865662791158215,0,11,296.2868416796187
21,39.96646556405132,5.431375295020797,Japanese,14.05519369879454,1,34,182.5007746640192
70,15.836882961405818,9.457942656218098,Mexican,41.67565295182917,1,76,412.9260189835207
28,14.111696179706628,19.67680625710876,American,42.46288017406192,1,51,141.32032316772128
85,32.83618007376657,5.379178916529421,Italian,29.29096000326174,1,30,383.554871276089
18,10.7347054776216,8.139438192685278,Japanese,12.292412400419472,0,86,34.49421058489672
80,29.29425526206366,17.829600312470134,American,16.983594049887458,0,67,256.69208252973186
37,18.413983196754742,0.0584206524272401,Mexican,38.29705100647729,1,51,110.24738209325736
87,23.840662705793584,0.7953192997713909,Mexican,38.47111779963798,0,79,338.78633977275405
61,41.03218943171824,12.081433541424383,American,45.93421100670661,1,6,316.3952224506531
92,47.64950016929546,18.14760329425694,Italian,33.307445862183314,0,21,454.689870181012
25,12.89665088585366,4.777133208038553,Italian,14.964294708551096,0,92,273.8694173518326
78,31.369688239057805,9.39283549361418,Japanese,14.856596220198885,0,74,329.6884102043011
21,45.301339432784,9.009306033156363,Mexican,38.84529429427295,1,55,217.06834314891609
34,13.300341377616853,9.459426921910204,American,17.351386604316048,1,96,127.58856122719152
61,42.98056187587336,12.450393914594905,Italian,23.13541998466421,1,57,353.16238849847645
94,24.312054037130856,9.394875259813675,Japanese,29.48848027687656,1,92,380.2115741885377
62,22.88378808877341,8.949362826449157,Mexican,10.990595103046047,0,63,232.87142874172065
32,49.09865545259143,9.48576840862521,Mexican,19.952761080797277,0,11,320.54901248270346
25,18.034363594491765,11.81734882542083,Japanese,26.315584340291203,0,6,222.87606693735856
66,37.72775763290724,10.740149767027168,Japanese,21.185452739728248,0,54,334.13799569221544
48,42.857629120394655,17.082719953010084,Italian,15.454813098702632,1,61,196.0726971210684
62,11.647339811170866,0.9899370698733324,American,39.120490311847895,0,89,215.98553979877173
51,36.815418334176485,16.66634142946025,Mexican,42.5259062067194,0,72,395.5429115647941
67,48.06199897421308,16.87849225223448,American,20.299159045748997,0,97,325.7322599274097
48,14.968798669122377,5.698160430619216,Mexican,40.97677978425213,1,76,263.3963600716311
23,45.848852107401534,9.257039100317012,Mexican,25.422142576052558,1,54,260.9994443791845
14,33.79106549507745,8.77076977074871,American,30.26743163416011,1,35,190.91144480991156
44,34.66418327449896,4.370196687082606,Japanese,44.240042995726114,0,88,216.1822969686598
96,34.51776699462424,7.935936941726329,Italian,39.99814727209632,1,23,281.962017401423
84,21.953435453492556,0.8877554434170887,Mexican,42.20467405264711,0,43,302.39456106629285
27,47.40807261197838,5.556441455634689,Japanese,15.473806663454273,0,16,194.49835784776457
85,47.89401850524155,16.33364350901436,Mexican,12.78877703334918,0,1,447.23085701444927
18,35.01218640855791,5.691246035257951,Italian,45.73618916351949,1,12,45.38150683812383
83,41.33690903766458,16.36413337496495,Mexican,25.51337078284377,1,30,358.2770184846883
67,34.49031943524632,10.631989292088615,Italian,21.515187122787232,0,92,370.3349417672477
26,29.375937902961624,17.5972535472232,Italian,38.98785017047298,0,27,278.70189999209106
16,36.43280473197002,11.495591085288304,Mexican,43.45662386319427,1,59,47.08816125987352
55,32.12005810367834,0.5933644612947964,Mexican,44.49958487593204,1,26,251.318759094162
22,33.8990345052772,13.508404150941784,Italian,22.63988564500909,1,14,205.7210153973144
49,41.35330213675448,0.8970713604713731,Japanese,44.08849564806696,0,94,149.91371040141212
51,29.236153257959398,9.01194037966268,American,11.637357774973816,0,78,272.13631598082173
18,11.63016424369891,18.58853388946228,Italian,11.986459658388757,0,32,170.06318100308934
59,16.55997923957989,3.304078786757003,Mexican,34.94076780696618,1,19,254.30459877366889
36,27.544288659581536,7.7974470588308815,Mexican,12.52425476462185,1,41,270.35743919753446
75,38.99306239496234,14.597206176969568,Japanese,22.98436674040646,1,11,351.0214661352706
14,33.731145932407145,17.64517112189695,American,36.91023944987696,0,72,223.4694811533048
38,36.01176743493816,13.418860094850158,Italian,23.49067584216905,0,22,204.0202547632418
46,29.17115714305149,5.163465083823384,Italian,17.183991257603836,1,71,282.7589763369217
47,34.62968087768971,13.492157058324324,American,21.254024874153664,0,95,291.6590379997292
92,23.160697512586488,5.9345528220818,Italian,28.303013290017272,1,13,316.40206596437946
17,28.8073037078666,14.368584596374705,American,29.015434214219297,0,90,133.4754750650493
74,39.77116262379823,19.08066255170081,Mexican,41.32000925388808,1,24,479.8152954015849
95,44.87331115892485,14.427869022125764,American,40.006129177260505,0,76,374.8505098745111
26,27.346213358255557,17.257610058248247,Italian,28.272712182245407,0,84,227.7664606488285
80,11.746466308294448,0.0420768635176682,American,43.82669396395086,1,30,241.99582927160876
98,16.466901765872105,14.351442494631888,Japanese,14.569485543655832,1,53,405.95162909794885
54,10.834445571661524,16.591751137305007,Mexican,20.21413400915606,1,4,186.5776651872881
13,36.1305207694932,0.8111747508936284,Mexican,43.11905854009006,1,12,-28.920890063079995
45,23.29258501420436,17.43195454576461,American,25.119761545046124,1,27,361.9730308562405
79,31.6991454287747,5.133884566200917,Italian,49.24726235175369,0,42,284.91337306005414
40,29.73107387135198,13.305842039561105,Japanese,28.650131261113412,1,88,399.6521996598448
28,13.261059582097069,16.007097580468134,Mexican,41.67742491855056,1,98,162.370576028175
70,26.130454444953276,13.253290261187107,Mexican,26.09228165529488,1,46,317.97998485420044
63,18.82244499689293,1.8456958414651448,Italian,26.99814076249721,0,70,216.59695759848844
48,26.73599154670611,11.926430377207367,Italian,25.31532589136734,1,37,249.8414054864724
83,18.143131213689703,10.991673134442872,Japanese,38.76302482043247,1,95,323.304236860348
99,43.61809625107734,18.00642536148543,American,31.90071536239978,1,66,492.3054636497557
28,16.967733463130145,8.084794592884183,Italian,47.75112445473477,0,61,116.90037068218416
48,48.43122205947908,6.4216219417410025,American,20.03561266136419,0,38,252.73545427718983
76,26.636294645877637,14.997015288729326,Japanese,14.022509283337774,1,36,289.0246845142603
54,43.84981168076197,8.253506521667934,American,25.73045940396861,0,85,185.98784071595392
22,35.150592728237804,12.92192350010126,Mexican,34.66850830587104,1,7,197.1620769614193
67,39.4140119466301,12.92900180249214,American,44.4319574766198,0,80,353.7264368433354
29,40.70895552267121,17.760781287202356,Japanese,23.847875467213107,1,51,193.3137430181332
81,30.19379527572071,11.973848046381947,Japanese,36.15147004497847,0,90,426.67880197918015
70,31.732020934531533,10.043072199239738,Japanese,24.00794724092876,1,32,461.9567431256439
48,30.559834712349,2.77742652793034,American,34.688783319778324,1,80,238.6512822430806
10,33.52233512360317,2.3147521335741077,Mexican,45.39231788122604,0,41,3.819308480642732
12,11.17577783026029,3.086431305661588,Italian,19.254305690376363,1,75,27.35221990254723
86,25.82060679396061,3.4369696265418903,Mexican,26.16966568428157,1,26,277.7392203295096
71,34.247548542446864,12.757541853272675,American,49.73060785718986,1,7,338.4156567452159
72,33.908942610234575,14.81962500549157,American,44.74228112997843,1,22,371.2592926865013
34,41.71824378422527,10.599830458528372,Italian,32.58559431584808,0,63,223.22750640925375
65,36.20037355328434,16.580354650909822,American,30.66510367417101,1,92,335.6903100622943
42,49.685332653626894,19.825264534672662,Japanese,21.38401529218724,0,19,279.3952723108561
47,21.3541811443458,16.40025258238712,Japanese,30.68837710774117,0,15,286.00694499941267
15,24.36604118664926,13.897647473519184,Japanese,43.92725993119789,0,16,156.63510393325117
67,25.35388607471185,10.649853988742931,Japanese,37.40698053111122,0,79,201.35182131767675
53,28.63251228080994,8.977061433494164,Japanese,21.601761127119463,1,18,373.80836873281584
54,43.43992255124838,1.687847610890847,American,18.05855684214132,1,7,178.141587954057
41,19.431683758368397,7.987374967893819,Italian,20.608341479873165,0,37,111.16524045535948
54,41.04000828141718,18.202692735642685,Italian,16.79036805571306,1,37,373.8231073281791
70,26.212407323429737,16.16045259813106,Japanese,13.825627840948638,0,52,345.3906769971794
56,34.074215346480344,4.3210273002337445,American,26.7654469776822,1,92,281.53206030455743
30,35.301621329052246,9.332155693944316,Mexican,14.531984175930708,1,99,51.26926144297468
89,24.913945487557378,16.33446405117089,Mexican,16.876502309084174,1,89,459.0826148143761
94,30.50460820823221,1.3476910957104504,American,31.892987373579444,0,30,363.0077801462844
84,26.52124698590788,7.747851713373186,Japanese,16.58397094798299,0,43,267.611594256392
45,12.76531144746478,17.036824737478952,Italian,12.555190697236114,1,59,208.7354245280991
28,27.48661555267306,8.077957283402474,American,22.695554001115408,0,75,186.85465484513836
29,13.895735702142089,1.5522928946288173,Mexican,18.8127639448787,0,16,73.34224580170562
66,26.20083196321286,10.85068737064503,Mexican,30.61220751977507,1,78,248.42436925140916
27,33.71673599327127,17.23484989836591,Mexican,14.094683383328372,0,72,83.60227642403875
56,33.176595973740035,11.805710859063192,Japanese,40.07083150731913,1,38,293.40755827520684
58,36.50485116033281,4.525582164284636,Mexican,46.24934077740554,1,41,215.80235624401973
23,13.81046031818505,7.684792402747627,American,39.737406958247774,1,47,131.82270910969277
24,36.08492982121752,9.002467223638643,American,31.31308149605577,0,11,144.7603507720229
40,22.485922267857884,11.585327076410536,Mexican,44.4267128715554,1,95,191.901281374618
10,25.961837845484443,15.18702051505226,American,37.7967351912603,1,88,178.12400694669526
63,44.31945015690823,1.977472352812708,Mexican,10.422044898007597,0,17,301.3408820695553
12,10.361216165182013,17.793040660351327,Mexican,25.763606110980124,0,78,45.963395322879
25,33.53650533362422,0.2461940603215118,Italian,44.038075976272005,0,95,227.6197437011944
96,33.948559204004304,7.401046693485105,Japanese,23.83435431901077,0,5,398.272591169677
66,25.86639105374248,0.548406199453153,Japanese,11.40860694102094,1,42,304.03391675202533
84,19.481114284333447,7.859484506905825,Italian,39.84718554209089,0,34,336.1401243247096
21,19.386961530462045,10.516251977466474,Italian,42.08153081131474,0,97,27.11148876809574
83,45.348386786430105,10.233627731630236,Japanese,16.423747801732343,0,53,429.6379120449859
25,27.6809749513143,3.312566940565307,Mexican,31.493619873727248,0,61,177.4576775982106
81,23.23557451956688,12.914810201912246,Mexican,17.67821755982903,1,68,283.43912558945283
85,27.95110295325612,0.8955690100933644,Japanese,38.76937676176587,0,81,254.4781969695468
33,36.77561605837445,15.238136402648308,Mexican,20.862018207099425,1,15,223.7356098806708
37,15.830262729790068,18.932888679870924,Italian,22.6486049025332,0,7,59.59001062552602
17,27.977353408549508,6.795376543022358,Mexican,43.79883414560405,1,88,231.04123356366637
45,33.51537484441548,10.34478763428664,Mexican,29.05289408827617,1,95,209.3143248311597
99,47.94333419405735,7.578205561176288,American,36.79017804872991,0,89,423.6922028155968
17,20.10111128301677,0.1342078060811991,American,26.094922028898708,1,85,105.21238555986828
67,24.370029916649823,7.717490057902319,American,21.920274287750217,0,30,396.71284895467545
69,25.17434359689695,15.83440518522693,Mexican,35.019122416986455,1,9,367.5586697014633
59,34.221526305795315,11.919776843669636,Japanese,16.19430296315285,1,55,216.9907777652259
37,24.269282121600067,2.0251982923031786,Italian,24.91999342267452,1,75,184.6027301988552
50,31.340477011987826,16.9427897938757,Mexican,18.36148149543689,0,91,359.69514213459286
73,41.27161319380117,10.621706897704858,Japanese,37.83179867762982,1,69,319.6722432740493
36,38.21542376448814,16.834467234893523,Mexican,47.76835353384431,0,19,333.6194123017336
72,27.85474586050342,11.604430375700588,Italian,49.820438720634655,1,4,313.49486858788293
26,44.56864710696676,11.193768896758796,Mexican,28.01107241766363,1,22,291.878328603592
82,32.32560998375452,2.105183703940248,Italian,20.10121558545778,1,8,321.37323525465007
42,31.5962335800885,3.347194662772559,Mexican,27.71317481537297,1,57,249.33906449851003
93,11.367510637566326,19.44050512993182,Italian,43.89077639850896,1,58,381.7734352086316
86,49.46771921428646,4.569734935095415,Mexican,18.240227142081597,1,92,305.18168387400715
38,14.91883234118507,19.54904235980736,Italian,48.08382606611695,0,79,119.74283059111868
22,19.245236497105864,10.638254130485269,American,23.67463075192604,0,53,192.5891778836396
55,12.067873489661078,2.7157809412787426,Mexican,49.4321463780122,0,45,251.3877261567721
44,35.600118673476544,1.986044055073859,Mexican,43.54435550135849,1,21,275.0092102554749
15,18.9880470789072,4.1772814141148,Japanese,42.34282136589562,0,63,175.8507115211766
91,17.20041749890894,18.51274660050672,Japanese,22.716186950931345,1,7,343.71711182976026
78,13.542223368929657,8.283004486564536,Italian,10.35108847791718,0,19,292.77578967428514
56,14.132358284960628,7.908685359858287,Mexican,25.285316353039512,0,50,214.6059106851736
34,33.38682801770355,6.26412522140348,Italian,22.072374786507748,1,77,113.2507774290806
75,37.528314634663815,2.941237011331768,American,11.495879616351893,1,38,405.4127558539702
19,25.89515953857604,9.757023943848129,Japanese,30.214610260237187,0,36,173.07026073998873
65,29.19588326368293,2.6009556502227738,Italian,26.121252451309463,0,49,250.53181117899072
39,37.43870943931937,16.709604727646553,Italian,35.38225870966099,0,33,188.7639422022465
14,10.695191607419186,7.40793972550613,Japanese,34.847452887763325,0,74,169.06193043852613
42,22.925226282811145,7.496071355635927,Mexican,14.829865435867204,1,32,345.76703795178685
74,48.923909922813856,9.480128569663115,Italian,49.0786218450649,0,30,348.0330388980495
27,33.20448918781872,8.882554263315033,Japanese,17.477257177657876,1,53,291.4428204783783
58,20.16898319589973,19.89715946118643,Mexican,27.810960990588185,1,43,351.2672812257858
20,30.869201865448524,10.90762242436605,American,29.5247017373494,0,33,82.19211368118926
94,23.706139524836612,1.7640340757974138,Japanese,42.52251188856481,1,70,353.7325253357216
35,31.289799553051964,12.1375468315386,Italian,13.96918384378587,0,61,292.11495763697485
72,15.029660472265952,3.031685857397599,American,27.14577116834127,1,22,246.74985639351164
98,15.308586152771095,0.6187528946268395,Mexican,35.14008680944816,1,45,434.8571415731784
95,15.741694481575712,19.41484307354496,Mexican,18.606224864962225,0,55,404.6011165527136
68,47.59279167707367,15.470777830691278,Japanese,35.09871595064291,1,6,369.8170710380682
36,39.31595673365367,19.602179848275338,Japanese,46.94659350198611,1,88,336.290828482072
58,16.495275786492837,9.557568960444849,Japanese,49.900725246907,0,60,271.8847397421104
86,17.533963350624056,10.64515062297952,Mexican,11.298043071627028,1,2,350.94475728331577
42,39.23317899483506,3.3667391183826045,American,19.4235291297871,1,37,311.62300579202935
10,16.246553791686956,4.938148533351711,Mexican,22.412284631667895,0,83,109.30955404327938
30,19.382451733393147,16.770984298056565,Italian,25.965044017798643,0,33,239.54694932850717
64,48.53387331281596,7.123712942351883,Mexican,19.690286303390696,1,43,295.50685956762766
15,20.212260989137278,16.53629947592838,Italian,18.139519782212503,1,29,171.9434907534744
90,36.46529401484587,14.180274485740636,American,48.1821536967,1,16,350.0895856290995
78,49.14525149602122,3.54341850543731,Japanese,46.74086411082072,0,58,460.1955812970906
14,24.971870685591707,10.148927322394844,Japanese,11.8797000401247,1,9,72.0685054444144
12,10.700639634482489,13.547746430374335,Mexican,23.552520864193927,1,98,206.8992173696908
62,19.76589161689497,4.700744296076502,Japanese,26.205942147136263,1,83,271.81756884394474
32,43.23508765366822,16.613770210401537,American,19.560581386637736,1,17,202.21175386851223
62,44.58435343820147,10.896553150903737,Japanese,35.154915879527024,1,44,410.9441883743619
46,40.74077458095165,3.304841008852064,Mexican,35.61522986576964,1,90,283.255286482674
83,14.52439276306292,11.659688523292049,American,44.02016913314388,0,58,404.83933031782186
83,41.82041486785613,19.99427608311828,Italian,39.63477073540872,0,61,539.3716035220132
92,46.747111879740174,3.010429833268271,Mexican,31.702933078638225,1,58,403.843445476415
26,34.02438170184944,16.33513860239056,Italian,36.1434708017768,1,48,246.46613191438288
94,47.63501425352259,4.146180063751159,American,20.959551261720723,0,99,457.5787006399873
87,43.0735553484751,15.647766589201746,Mexican,33.72224759869431,0,62,430.4849068485448
82,36.67886067963629,14.691558462428263,Mexican,29.56909018999677,0,86,470.9541907901299
10,33.08740946846993,6.009787712008647,American,15.333778692654816,1,31,-7.627381568388813
60,23.94294668967882,6.516462351288997,Japanese,19.70177106331883,1,9,343.5253080125695
54,16.371497809712206,15.850427839258384,Mexican,21.66773802886344,1,10,233.6028429573463
86,34.19815690762164,9.228910237746252,Mexican,46.97238268210232,1,69,418.6631077164214
13,22.72446214472478,14.616360574236175,Italian,19.215465575435577,0,61,208.29015311676108
71,44.657546701105815,2.9596829473166952,Japanese,21.569756112786727,0,46,317.78675012771214
74,49.73347749434514,17.05115563803107,Italian,24.77416520357729,0,33,491.81244560369424
41,40.0971105046229,14.21769433364638,Italian,36.54970954501548,0,99,211.37362547008735
43,13.619267811482027,18.13885617669668,Japanese,14.72953569888562,1,16,337.52911855340903
81,21.547423821225525,2.647447580699449,Japanese,48.15780849975104,1,53,356.1328070024504
48,14.364385270629988,11.860290007211953,American,44.62284880379058,0,75,276.0633234516547
35,36.02046591166863,11.982411700806503,Japanese,33.088642920358005,0,84,293.15146648028457
43,40.60763458223138,7.069214810935649,Mexican,36.96151469699827,0,39,237.90367399549237
63,47.02699323522848,9.169328491385157,Japanese,10.66641884976864,0,18,276.1945934249578
12,27.526893856479507,0.7596312657970694,American,23.557791013937948,0,66,35.4901408767065
59,46.055025983537774,14.91720077254024,American,41.82640922645768,1,81,369.3788104584882
21,45.1156463616531,10.98644958806348,American,13.099318951695436,1,52,191.05706211382065
74,22.687828670615943,1.1548210373834755,Japanese,21.29255336842881,0,63,326.47031925525187
63,44.75602502162284,13.615117859209713,Japanese,33.41187313337245,0,82,408.5871305981411
14,25.02689007526906,9.335641544623758,Italian,20.256521107957678,0,46,146.1889314066081
66,21.87477098241123,0.6892251885,Italian,47.359118965780766,1,5,297.05994518403514
26,35.962986351775726,19.392154536961907,Mexican,15.242345232171616,1,15,298.4217332764146
56,23.13524911540324,18.98224286178881,Italian,41.89577431631115,1,71,274.9351707338061
32,35.20834993316576,10.258048322943951,Mexican,30.31794767625633,0,17,281.3999747538361
88,34.39327221994778,1.873448414118204,American,40.01323103279824,1,51,287.731801933807
94,32.537557093938354,15.092424431971835,Italian,22.428613132457897,0,47,439.9755496646477
23,25.216788169311908,9.83862200211458,Japanese,30.57958409248155,1,42,129.10168054738227
75,31.93998886605907,6.048949565787599,Italian,44.273413988927054,1,38,297.07782897886585
84,33.85941899941686,9.828363550571137,Mexican,28.675123964924172,1,48,312.7619961489394
60,31.827475539818938,10.44888290810929,Italian,24.388794476410784,0,11,223.776825815488
47,27.776778110048063,11.254233980446784,American,31.44621545010944,0,9,221.2461748319743
73,10.586682281850551,8.824474273106532,Japanese,38.69451012145468,1,70,255.13134467243668
47,33.48246830804604,12.115106062781134,Mexican,27.74253381994011,0,54,261.1605951757711
59,16.737775405708785,18.374694212127547,Japanese,47.55507900569092,0,0,256.39328784708164
91,35.70303875788758,7.245361741971823,Japanese,21.797832961693683,0,48,264.3819664760314
39,40.37377311691464,14.51432926439898,Mexican,29.01854424676482,0,35,363.5761001211268
88,30.01781236522966,17.889051136484643,Japanese,40.27710637365766,0,20,422.7111839124088
60,31.694546599189533,9.119585515198738,Japanese,37.56484361983033,0,36,253.1879957003037
72,48.05914238663965,8.869116727638083,Italian,44.54564209668624,0,23,395.1728991526186
61,43.886694454902965,12.042339707095593,Japanese,49.872367227244354,1,54,367.1711010995156
47,46.5694606380588,11.828135188449762,Japanese,27.074333151803582,0,24,303.22051099464426
97,42.550651532783455,16.13178684652554,Japanese,14.446035191332474,0,6,485.5397628832025
88,14.356733673869256,9.529667675565854,Japanese,11.21663523231872,1,80,373.30181170110814
39,15.95967423880779,19.922458992788822,Mexican,39.075076245590864,1,92,377.7741581318717
60,31.064951890758383,1.1894313773456155,American,44.96054685234863,1,93,250.4347175951806
90,19.84278635191993,0.0633569716140347,Italian,18.828503437776742,1,70,285.8297504742884
14,29.067819001646367,12.803966231192476,Japanese,16.33792148759624,0,96,151.67789277040683
38,25.77461295273401,5.968698247237533,Japanese,12.48820366102764,1,70,221.97947412166127
13,31.976569537218133,4.807647773989676,Mexican,42.90811686868825,1,23,205.38729120898049
19,39.875028645432906,6.237981600085609,American,22.45527759570337,0,10,268.14285258939054
65,38.619636283970976,5.120951302099086,Japanese,26.06787571039106,0,72,226.0204172801732
26,30.84936529941337,0.615800993208957,Mexican,30.110007664384494,0,11,106.96296542340502
83,42.895736752682325,19.43066084781177,Italian,43.57812936838203,1,34,464.2216957243929
26,27.23448366152133,4.414909769055635,Italian,36.0333288624594,0,62,195.2643128027102
93,45.8685715936049,14.680595251786126,Japanese,34.602585194312454,1,67,344.19937514922776
97,12.851210802206555,15.251927893883506,Japanese,17.02688399823643,0,99,295.2589139517412
78,48.1864012013323,18.585147960144585,American,30.52759566839319,0,91,400.8338010874158
43,36.18772325725393,0.6109891418675995,American,38.61524068714621,1,56,81.08254004773067
15,25.20298035748821,17.440966768940154,Japanese,48.93043532121967,0,12,154.85071627529058
62,17.886165062915094,10.544523616796004,Mexican,18.05625236853409,0,22,284.7019045986046
75,29.167329177744,12.650882199316555,American,10.381734122689066,0,82,282.82449569701515
86,17.78233292741204,12.889405542420674,Japanese,13.012057343938787,0,38,256.15926464611687
52,16.653264309725685,16.39595609969455,American,25.03409860727917,0,87,302.99090284753544
84,34.69407029651897,6.66814644318221,Japanese,42.82178590983949,1,79,378.5244391757666
32,30.923388983271387,14.661023797199867,Italian,10.285683270729802,1,96,86.55486645231294
64,36.80384138443767,10.571562194443942,Japanese,28.26922371543361,0,11,367.4060483156573
89,47.18423509687957,15.867880286106956,Italian,23.169224613655786,1,33,503.3291659914058
84,31.290408533561607,19.81092065540267,American,12.099268403989104,1,70,437.45919349549166
25,33.23728213051191,4.013020348075225,Japanese,28.009451466904693,1,74,205.67379605146527
17,13.585053566197685,19.89297283119996,American,20.189948293468756,0,30,268.2640559085248
13,38.70543143634518,1.79624308565548,Italian,24.07539337388026,0,92,97.18787502711167
13,25.99620827216625,0.0463509580962773,Japanese,38.22461219137172,0,61,129.90825580440145
65,49.06900954650315,0.8832387235566252,American,30.86203935643869,1,12,273.3105158772174
34,42.92696062382641,6.835648094735234,Italian,14.985897159712533,1,30,247.3188103291357
76,30.89924162064473,12.658126613568683,American,48.45658161694556,0,1,400.667835144546
76,14.92890616688664,1.3805908177569923,Mexican,35.43643062838953,0,14,185.99932963859524
36,44.37663173122357,0.1133162905913454,Italian,40.63473702650126,1,56,182.8877757825443
41,41.99124381696087,18.741820569175896,Italian,13.168526000334833,1,74,345.3824753522415
59,17.38340518148132,16.438532718798594,Italian,11.882335178400757,0,33,375.325393129316
70,21.811131568812403,16.183663422780622,Japanese,10.777922014723249,1,67,297.53247518081986
60,41.73629032591349,17.68848551003954,Japanese,17.55176111093778,1,74,384.9852328063081
28,17.409137861896387,14.000685455442088,Japanese,26.576335908739807,1,28,255.98737274607265
30,46.71009956685509,2.088082594961629,Mexican,47.43304533611291,1,65,255.7997732435808
14,26.98109700785448,7.982003761474461,Mexican,28.28238637063105,1,15,143.9580665969389
91,13.481558503506346,14.462989729292593,Italian,21.610204214901177,1,38,442.0527640227568
51,42.62994574017124,5.606689215830418,Mexican,32.47741014078653,1,76,405.1891925742858
70,24.940387321535503,13.748127282724752,American,14.477383125391569,0,36,366.17796927575534
31,31.05996776615124,0.489968965353047,Italian,34.38023564019933,0,80,158.33999632935786
30,14.492173776448766,6.122746817591864,Italian,32.73727817322013,1,20,146.65325463141613
79,10.103360593799296,10.982606725543452,American,41.67972133622839,1,43,304.3043918081144
10,35.5194082317319,12.641796590124844,Italian,49.46750446468096,1,18,261.672130979975
14,30.607006813349265,11.540813289238216,Mexican,20.03493886864442,0,70,193.194648479784
21,33.74154276492589,13.95512552146859,Japanese,30.386258032150423,0,7,227.77388984440967
99,41.74975401522065,0.1217749647967814,American,46.35461625276015,1,76,285.1572147609129
55,35.864236536914404,2.01882399955043,Mexican,41.407595376913655,0,65,342.897837474716
43,16.990937713095086,17.3788850455829,American,29.496252124032303,1,40,280.9039375394803
58,24.430900764423992,13.634972881803224,American,47.81486598459112,1,74,262.24047070162527
87,46.23564419151042,2.258632853720226,Italian,12.289467740672375,1,87,366.21539633237137
99,40.79778801006716,16.841488747971585,Italian,47.23994478850336,1,69,393.02925322133774
54,32.26548231746869,4.844624356491338,Mexican,12.020295695312262,1,60,262.00706166637406
36,20.22579991237089,9.565197683904469,American,31.89218976458737,1,25,251.22309060688437
82,22.0824200733918,2.903930257693206,Italian,45.61763792004343,1,70,367.80918361430304
35,39.27832270342538,14.202201128434131,Italian,20.508837742452112,0,82,265.8507829707242
56,44.04697043411083,13.337088420285356,American,28.88993995780634,1,69,278.8031741187989
95,36.85698678122458,4.222249423322724,Mexican,22.973155165478666,0,28,337.782891936073
65,42.38119903073767,17.268015337140035,Mexican,48.08575668305406,1,65,293.8505188145648
72,40.66624540801624,8.026120484394244,American,42.94582379012363,1,18,395.09887771193735
57,15.98815871827831,5.850301821414837,Mexican,38.36006045305518,0,67,302.4194780626375
70,26.95779251653208,3.046591789290709,Italian,33.50507946460435,0,57,300.2114315850234
90,16.119352033142505,5.323360250310749,American,42.82367157296592,1,69,383.65025378128416
35,19.409423392079397,0.4405384244763399,Italian,25.690681660941884,0,56,133.50357424032762
45,44.7703849860421,11.665149849122312,Japanese,27.902074204242474,1,36,283.3447156777586
10,28.915678625327285,16.844614926878958,Japanese,39.20006884323446,1,60,130.31390737059968
17,31.414324073706435,10.979608988832837,Mexican,24.31019053174857,0,91,162.88115055275122
61,17.137838609110887,4.385479238477514,Japanese,12.556037681934953,0,29,155.12098453073554
88,22.49087144195184,0.6733835642774544,Italian,12.97338435544286,0,70,346.4633261626132
56,19.2098467371148,4.292561465176057,Japanese,14.614512052228154,0,72,255.538031610272
65,18.24744658073705,8.322428561421846,Italian,44.78725293374651,1,24,340.03548898281934
95,35.5184317326388,15.19222857399593,Mexican,28.88905703024817,0,96,446.21733283876654
23,20.27535390582859,3.756857050755482,Mexican,38.51529477378946,0,64,133.2447446099854
99,35.280619440816736,14.395829067093722,Italian,25.71637342419573,0,5,386.2982019331676
37,12.338184564342155,17.338669367037674,Japanese,20.34843789662538,0,17,246.3065684594612
96,15.670975741084074,9.07893696216714,Mexican,23.88768670248848,0,9,425.3635386536637
87,20.981610160005012,16.428639832851864,American,41.76729381268734,1,91,280.9195953243405
97,33.88187667582767,11.093146960701912,Mexican,35.00864500125753,1,10,429.9535917074198
11,37.03364980349504,12.7418167416181,Japanese,47.50559119831608,0,96,223.4724251228208
35,27.708678671181083,10.525569206764054,American,37.18819114307336,0,64,166.45325535712567
23,27.83163658308916,9.263454335026836,Japanese,32.80726527018776,1,76,124.3513203118961
68,38.980674055944725,4.693068835516987,Italian,34.40784035943338,0,83,304.3613308951955
65,10.632843670623298,6.063881189220921,American,47.69485757873659,1,64,144.76776258784628
16,23.64360097896882,5.7994023788721805,Japanese,41.52803719466824,1,51,145.55991824823548
12,42.74828228476931,11.265778619076292,American,10.961649494657513,0,66,133.95670218487763
32,34.12877640853489,2.3990738604777984,Japanese,31.36558784542789,1,81,235.3064117574386
27,23.48908531021681,18.3358338140467,American,37.5335364618626,0,77,349.0280255966162
47,46.22099169318695,14.413102905662264,Japanese,39.9479391375662,0,30,238.52985576415
24,40.904909097975306,8.028912618263872,Italian,18.52568477255747,1,90,228.860750376665
73,20.595817889469338,3.1724828905275597,American,44.68709417805409,1,16,253.01291478494736
98,35.811593501028675,17.639843394432717,American,48.23372588700655,0,54,491.21836073959946
37,33.83002912755827,16.475561802023304,American,19.46861223379479,1,92,210.37848675853152
83,26.047516561559306,14.434431054343586,American,45.30461830068983,0,35,399.7177251078245
48,24.678243168192022,5.430940948224848,Italian,13.879150500643815,1,25,157.92604964973927
66,23.74241899102816,8.048932748673378,American,12.228273444609808,1,52,283.8639331650151
26,34.68623133582587,2.054965049048467,Mexican,15.168952004109975,0,16,97.37470185893216
95,27.69639745922678,3.7807904945506334,Italian,12.30964317868144,0,85,421.326229156426
99,43.27452453005688,15.660332746334657,Mexican,43.80048948623104,0,24,412.8267036677365
53,36.78410464535848,14.300774377013676,American,12.36200577833088,1,1,292.97732668942496
34,12.797264228377363,11.869715259518694,Japanese,20.86656765454622,0,85,177.74781290706107
26,35.60672895312664,17.914534518523457,Mexican,14.150253741434256,0,4,239.9446093438704
22,20.845897460007397,11.665330356260908,American,21.8168814525506,1,3,140.97212868739592
93,33.71247966613691,9.339359999272215,Mexican,13.62237870403682,1,35,377.5466092087516
34,37.20527724413806,6.8074149261152535,American,36.720130029720565,0,5,241.9126098799611
77,19.23316756616048,18.80897011472345,American,15.333072653703006,0,20,413.9285081494115
19,28.274345795214742,1.65430923048707,American,44.07383703355551,0,76,63.12670941943178
76,17.61299451276271,18.617747441216167,Japanese,42.68764202906564,0,88,410.6450050044127
27,12.093555031460332,16.534293198620368,Mexican,10.546467418824378,1,25,239.99789379928265
95,25.139056939434763,2.598598490714026,Italian,45.82905422060458,1,54,326.6752724283878
43,24.51777087383968,11.299687153505072,Italian,11.157772669734683,0,38,166.25040574049342
17,49.81921962817028,17.33095963498174,Italian,19.585831398302265,0,83,219.58456806319043
49,27.854094047905686,11.436183272143074,Italian,11.295565511039802,0,32,207.8446009327044
92,23.342781978888016,18.143996431212447,American,23.43373948157264,1,13,542.4672823869804
51,33.21900026866699,18.85967633632085,Mexican,30.554661028530862,0,55,361.54363058139234
50,13.550695764310738,8.447690443686117,Mexican,41.865794760605525,0,99,195.3917426268684
15,48.46662943819253,7.546273228126472,Japanese,23.519262018793444,1,80,115.96839181192244
61,35.39840182364132,18.72642307938313,Mexican,38.21960098692467,1,20,388.72527962654254
35,40.19351279763392,13.502801222993362,Mexican,17.500178284759215,0,45,240.83281555535547
73,16.819117526956703,2.3204536269633858,Mexican,40.023938269765054,0,15,268.7095591895363
68,26.37911412020816,0.8458349844536239,Japanese,19.439864236369505,1,15,260.4753969958772
65,26.90756453584758,11.292581019945263,Italian,15.741790237750717,0,83,312.0211560509249
68,42.872257756043474,18.60341930876849,Mexican,17.416354014962174,0,28,420.8392686398074
79,10.049467190376378,16.88497404811637,Japanese,17.282525155274215,1,91,362.8129601185046
42,22.034124334130205,13.51695492928673,Japanese,30.514515175079644,1,7,239.0709130516524
62,49.24945497377215,2.7823169778217505,American,43.791903247525845,1,87,308.8429181204691
31,28.995461740248743,5.084627674973912,Japanese,13.184203079700223,0,2,109.67677945189428
30,25.30105120976033,17.510224531052323,Italian,38.27825273973691,1,88,279.2171328914749
79,14.793160080705851,3.656144733138009,Mexican,36.173858386114304,1,18,255.5759363531565
79,48.96658514512063,5.568788165008691,Japanese,44.90079807317449,0,96,358.89517041880595
13,10.80105423703298,2.592013023908839,Italian,19.76590242027629,0,65,145.09911739074997
84,39.48720900028973,13.522164628288223,Japanese,28.004394347401185,1,78,466.0920366926057
71,40.743992191540336,18.879646107264197,Japanese,47.033094977740696,1,85,323.4522257027581
71,19.746268642554664,5.379360631907719,Japanese,36.39973800541269,0,73,254.7235652349264
33,36.86233774452149,9.508132157001477,Japanese,25.55073651446388,0,81,124.09268457587518
64,13.717165775175598,12.686794794224085,Japanese,15.256495314210738,1,21,305.9501209362709
18,20.2818906572832,19.989324964312612,Italian,20.49940031602364,1,45,200.7899088097496
12,41.5160795316906,2.0961612999514423,Mexican,33.248619099575336,0,90,177.1210592007168
40,44.58744768134161,9.971415990114185,Mexican,38.72671790242055,1,12,217.9615587964396
49,34.339456506391656,7.702402398050001,Mexican,14.97687547407574,0,32,250.2667552589137
45,30.273537272819304,17.316403304447103,Mexican,33.98389040176216,1,4,184.9534427205249
33,16.372160824759213,9.519354620233118,Italian,32.01405115355004,0,89,213.3339110133025
15,12.524361323166008,2.219550491702962,American,30.55821786762832,0,76,109.82136969133128
75,14.705961138942346,12.688482905731671,American,37.60492470728032,1,26,253.78589074398417
93,19.09429200384395,15.415612365277596,Italian,43.49798380333847,1,77,298.46702631843374
84,23.666980075876836,0.0576250333122918,Italian,22.919587327074737,0,23,333.0678659425963
13,25.236381020439488,17.17913370841259,Japanese,45.56048760443838,1,66,114.89939477663276
88,23.852870743560143,3.720460000113313,Japanese,16.42534450474203,1,62,372.0462825639372
15,19.562213287890625,11.041387293067558,Japanese,16.920954790046572,1,93,123.7338348733186
60,30.388969870067925,8.315950013749003,Mexican,20.67088254495696,0,98,267.6772311841093
71,43.01144432931587,14.393076332210608,Japanese,14.781234781883112,1,47,390.2413142789542
66,21.18814153885917,7.423232295714836,American,19.2127689873151,1,62,218.63187281444024
75,47.695480764089325,17.395263533634214,Mexican,14.256470516113785,0,77,454.4659268161842
88,44.93346646895391,14.609927219175804,Japanese,42.87009667941562,1,11,436.2816218882916
84,16.470568454084386,12.95426342125843,Mexican,15.558759675464984,1,27,279.63450382848424
17,41.45103827028378,15.924811911257086,American,39.89190230239427,0,43,238.02798822540285
35,32.983495292710664,15.080460698567643,Japanese,11.91655471653335,0,92,222.0412564907751
60,32.66301448685674,0.7187734984310667,American,47.9408131005566,1,42,155.76409628208015
54,25.641710522326974,7.894687076896563,American,38.446403501110645,1,16,192.8635996462096
53,30.04611996728039,18.616145946329794,American,10.27186194344447,0,39,400.9114188918864
14,25.88715109716844,2.5144853798445244,Japanese,40.55426000800856,0,48,101.80258567165848
79,31.589304750397712,14.741931008641023,Italian,30.56327683064741,1,84,437.0783908284376
35,35.11800211090544,19.491836226706592,Japanese,41.17460681340479,1,56,249.00564989491545
77,36.97215225636194,1.043972580899433,American,30.89987235562354,1,86,233.8430345610899
28,31.299247702377045,13.64387761253221,Japanese,35.64099430541418,0,83,304.9517931707881
93,38.85688269314927,9.363082826020609,American,41.45326621580162,1,63,438.0029383429136
29,15.651121971020231,11.583505107494442,Italian,26.204322183514268,0,74,145.5666442960326
21,18.479299636089543,1.706826729686497,Mexican,10.108325992818084,0,56,159.40530540492747
56,42.74940016297081,0.8601390373387896,Italian,43.99785983780754,0,97,348.6973191780488
10,22.90111911385661,13.337333211018434,Italian,25.235614504986504,1,73,107.74970469587976
99,10.915752999044807,16.46618859641436,Mexican,29.84170904066332,1,73,442.92070127649566
23,16.151645986721242,15.640306698659344,Japanese,10.31066568615875,1,69,247.2031428743703
73,18.94457737985245,10.876114557324748,Mexican,29.68368041400392,0,99,246.4845496634806
47,48.29291551578349,1.9973364227235637,Japanese,49.45949606286918,1,87,206.7248047845221
46,32.92165715723397,13.760888876720276,Japanese,21.130706432750785,0,75,359.1215615271759
20,47.30922961905019,4.837777671082919,American,25.816730809695123,0,42,33.865728057231
86,33.006534019865,18.221374055347678,American,37.48759985874706,0,22,378.5792732107615
12,29.17417760551407,16.765307190914097,Mexican,42.591746700946345,0,26,81.61933103529721
42,22.54910764776384,14.187659341747818,Italian,26.695664960244013,0,57,283.6795169683716
15,34.25483777733503,18.976919116622607,Mexican,22.386754816051702,0,36,188.1066822747658
59,15.567920984701193,0.6284364302254586,Japanese,47.513031999402685,1,5,152.43837256861696
19,45.93046509170824,14.72400850121524,American,37.085798666866765,0,64,141.78415222436442
14,43.17329620565135,6.604855586728107,Mexican,14.760852179725642,1,5,87.77458858327913
32,22.701257915069483,18.121317713727304,Mexican,12.757115125385944,0,49,340.7090041568883
19,48.111901104051775,5.333503933239552,American,29.34199403161476,1,21,301.739633275199
53,43.008030696622725,14.49712998630034,American,18.803602641890897,1,87,284.968775305786
11,36.652275433401584,17.55294039301563,American,20.15939013505014,1,24,272.9846977648746
22,14.870476445010992,0.8331363676536485,Japanese,45.10768715311393,1,78,66.30830261985992
49,29.12936092192289,7.952951591840723,American,13.582640972652428,0,89,261.67090907228567
11,30.244302193870038,15.246180640438771,Italian,38.61456460915559,0,71,114.0934273109965
93,19.302054334615203,9.09837779015174,Mexican,20.84569013522352,0,50,389.5409923751674
74,13.198615774372078,5.345052595871906,American,40.41312885616551,0,87,343.9382795841094
72,41.06894521886771,4.3961069764638,American,38.89645537854179,1,47,352.42245844073545
82,14.8814020849758,2.6303653383275583,Japanese,10.295676057771722,1,69,232.862458244329
26,33.77163002247099,17.142591197125647,Japanese,30.365416516863966,1,98,204.5062030794445
18,47.45796695534642,11.50710806503112,Mexican,15.572779295121856,0,64,147.97120871910352
84,45.0442077039217,1.5276988998291197,Italian,44.64908122314707,1,59,239.08116044232727
24,21.110104949970445,7.651606471412709,Mexican,44.863435314496265,0,45,151.91424855957632
33,44.057945502050615,7.354673016102198,American,26.73383229975032,1,35,162.17932389074122
47,10.013300244819575,3.63478381418926,Italian,27.775824738043223,1,57,133.5663817592985
44,10.70751238453029,8.710152509443814,Italian,22.131317576181083,1,75,238.62275939055723
58,34.1021265537146,6.641987307862729,Italian,38.66425195840124,1,37,306.1822150329806
78,24.59192876578118,6.836074109843651,Italian,24.34645452105837,1,10,286.838931339945
71,25.458433646365886,14.780531155759174,Mexican,20.71169898090535,0,11,321.8223495513821
69,32.5776436271553,4.465267710103927,Japanese,27.28924238018033,1,41,346.80579919070686
59,17.671298223674423,12.837199177107108,Japanese,13.659500735498348,0,38,281.8251634284019
87,18.47021402661913,11.412992477618698,American,39.86412818576815,0,70,369.9691038990337
84,29.384063480754588,11.361850246757346,Japanese,10.503856050871478,0,10,320.9757559023988
18,40.17014177375452,13.26014692283552,Japanese,35.77940246082376,0,35,188.83830184314115
43,34.77991005630351,10.967640723913078,Japanese,17.314581070194897,0,51,323.61035988014254
85,21.89420192947356,17.585102296927694,Japanese,19.296161848576524,0,30,296.13816104382187
44,27.213487100356847,13.511601839005197,American,35.4252799456016,0,32,341.4194508130059
10,16.826590341999935,10.939265027427762,Mexican,49.71773863131629,0,12,139.18023683945498
49,12.985192573483268,16.595262405752898,Italian,41.108699562902025,1,17,229.95311985157767
73,41.30784162976597,12.122931298669595,Japanese,19.03358528893568,1,40,249.31203372681665
31,20.615496367527783,5.8228849557035804,Mexican,17.04099020164535,0,57,110.22876748449282
69,17.110655514049927,4.141898363531425,Japanese,44.64931481070681,0,55,312.21255166393405
73,37.66472222277277,3.046555713253576,Japanese,27.76735791686017,0,23,272.4822042584115
81,34.72206697148744,17.989104250922033,Italian,15.482112113126218,1,72,379.973071926579
